request_id,amount_safe_to_pay,affordability_status,recommended_payment_method,payment_plan,earliest_date_for_full_payment,spending_changes_needed,decision_explanation
request_26,15656000.0,affordable_now,full_payment,2025-08-03:15656000,2025-08-03,none,"Pay IDR 15,656,000 today. This leaves at least IDR 71,109,410.78 available over the next 90 days."
request_27,6670.0,affordable_now,full_payment,2026-07-05:6670,2026-07-05,none,"Pay ZAR 6,670 today. This leaves at least ZAR 85,066.46 available over the next 90 days."
request_28,215.17,affordable_later,wait,2024-08-15:1302.4,2024-08-15,none,"Pay EUR 1,302.40 in full on 2024-08-15. Paying earlier would take the balance below the EUR 1,100 minimum."
request_29,51524.0,affordable_now,full_payment,2025-11-04:51524,2025-11-04,none,"Pay ZAR 51,524 today. This leaves at least ZAR 42,327.37 available over the next 90 days."
request_30,775.2,affordable_later,wait,2026-04-06:775.2,2026-04-06,none,Pay USD 775.20 in full on 2026-04-06. Paying earlier would take the balance below the USD 900 minimum.
request_31,0.0,not_affordable,not_recommended,none,,none,"Do not make this payment by 2024-11-15. None of the available options keeps the IDR 16,588,900 minimum protected."
request_32,1475.54,not_affordable,not_recommended,none,,none,"Do not make this payment by 2025-04-15. None of the available options keeps the ZAR 35,700 minimum protected."
request_33,0.0,not_affordable,not_recommended,none,,none,"Do not make this payment by 2026-03-15. None of the available options keeps the INR 102,100 minimum protected."
request_34,129400.0,affordable_now,full_payment,2024-12-04:129400,2024-12-04,none,"Pay INR 129,400 today. This leaves at least INR 418,221.68 available over the next 90 days."
request_35,24106.04,not_affordable,not_recommended,none,,none,"Do not make this payment by 2026-01-15. None of the available options keeps the INR 106,400 minimum protected."
request_36,728.82,not_affordable,not_recommended,none,,none,"Do not make this payment by 2026-09-15. None of the available options keeps the USD 2,400 minimum protected."
request_37,2830466.55,affordable_later,wait,2024-05-15:14649000,2024-05-15,none,"Pay IDR 14,649,000 in full on 2024-05-15. Paying earlier would take the balance below the IDR 17,056,200 minimum."
request_38,105.56,affordable_later,wait,2025-10-15:971.3,2025-10-15,none,Pay EUR 971.30 in full on 2025-10-15. Paying earlier would take the balance below the EUR 400 minimum.
request_39,19403.11,affordable_later,wait,2026-05-15:208600,2026-05-15,none,"Pay INR 208,600 in full on 2026-05-15. Paying earlier would take the balance below the INR 213,400 minimum."
request_40,0.0,not_affordable,not_recommended,none,,none,"Do not make this payment by 2024-08-15. None of the available options keeps the EUR 1,500 minimum protected."
request_41,10316285.75,affordable_later,wait,2025-12-15:38760000,2025-12-15,none,"Pay IDR 38,760,000 in full on 2025-12-15. Paying earlier would take the balance below the IDR 25,366,600 minimum."
request_42,52100.0,affordable_now,full_payment,2026-01-05:52100,2026-01-05,none,"Pay INR 52,100 today. This leaves at least INR 168,400.22 available over the next 90 days."
request_43,7548374.73,affordable_later,wait,2024-09-15:43339000,2024-09-15,none,"Pay IDR 43,339,000 in full on 2024-09-15. Paying earlier would take the balance below the IDR 21,398,000 minimum."
request_44,0.0,not_affordable,not_recommended,none,,none,"Do not make this payment by 2025-04-15. None of the available options keeps the INR 82,900 minimum protected."
request_45,1231321.55,not_affordable,not_recommended,none,,none,"Do not make this payment by 2026-09-15. None of the available options keeps the IDR 11,149,800 minimum protected."
request_46,32547.48,affordable_later,wait,2025-01-15:49450,2025-01-15,none,"Pay INR 49,450 in full on 2025-01-15. Paying earlier would take the balance below the INR 84,000 minimum."
request_47,38114000.0,affordable_now,full_payment,2025-05-05:38114000,2025-05-05,none,"Pay IDR 38,114,000 today. This leaves at least IDR 56,650,562.15 available over the next 90 days."
request_48,22152.5,affordable_later,wait,2026-10-15:45700,2026-10-15,none,"Pay INR 45,700 in full on 2026-10-15. Paying earlier would take the balance below the INR 71,300 minimum."
request_49,2332885.07,not_affordable,not_recommended,none,,none,"Do not make this payment by 2024-05-22. None of the available options keeps the IDR 20,275,700 minimum protected."
request_50,43900.0,affordable_now,full_payment,2025-08-06:43900,2025-08-06,none,"Pay INR 43,900 today. This leaves at least INR 154,456.19 available over the next 90 days."
request_51,2191000.0,affordable_now,full_payment,2026-01-03:2191000,2026-01-03,none,"Pay IDR 2,191,000 today. This leaves at least IDR 27,566,112.77 available over the next 90 days."
request_52,18573.86,affordable_later,wait,2024-06-15:28870,2024-06-15,none,"Pay INR 28,870 in full on 2024-06-15. Paying earlier would take the balance below the INR 41,500 minimum."
request_53,408.87,not_affordable,not_recommended,none,,none,"Do not make this payment by 2026-01-20. None of the available options keeps the USD 2,100 minimum protected."
request_54,3330.89,not_affordable,not_recommended,none,,none,"Do not make this payment by 2026-08-21. None of the available options keeps the ZAR 37,000 minimum protected."
request_55,73170.43,not_affordable,not_recommended,none,,none,"Do not make this payment by 2026-08-22. None of the available options keeps the INR 124,300 minimum protected."
request_56,395.4,affordable_with_plan,partial_payment,2025-02-03:395.4|2025-02-15:486.16,2025-02-15,none,"Pay USD 395.40 today and the remaining USD 486.16 on 2025-02-15. This completes the full request and keeps the USD 2,100 minimum protected."
request_57,6738.39,not_affordable,not_recommended,none,,none,"Do not make this payment by 2026-06-15. None of the available options keeps the ZAR 42,700 minimum protected."
request_58,16226000.0,affordable_now,full_payment,2024-12-07:16226000,2024-12-07,none,"Pay IDR 16,226,000 today. This leaves at least IDR 21,189,569.52 available over the next 90 days."
request_59,140600.0,affordable_later,wait,2025-05-04:140600,2025-05-04,none,"Pay INR 140,600 in full on 2025-05-04. Paying earlier would take the balance below the INR 132,600 minimum."
request_60,0.0,not_affordable,not_recommended,none,,none,Do not make this payment by 2026-03-04. None of the available options keeps the USD 400 minimum protected.
request_61,29062.0,affordable_later,wait,2024-03-03:29062,2024-03-03,none,"Pay ZAR 29,062 in full on 2024-03-03. Paying earlier would take the balance below the ZAR 36,700 minimum."
request_62,404.23,affordable_now,full_payment,2025-08-05:404.23,2025-08-05,none,"Pay USD 404.23 today. This leaves at least USD 4,477.88 available over the next 90 days."
request_63,25161.31,affordable_with_plan,partial_payment,2026-07-07:25161.31|2026-09-15:318738.69,2026-09-15,none,"Pay INR 25,161.31 today and the remaining INR 318,738.69 on 2026-09-15. This completes the full request and keeps the INR 153,500 minimum protected."
request_64,0.0,not_affordable,not_recommended,none,,none,"Do not make this payment by 2024-08-16. None of the available options keeps the INR 36,100 minimum protected."
request_65,5787.42,not_affordable,not_recommended,none,,none,"Do not make this payment by 2025-11-25. None of the available options keeps the ZAR 15,500 minimum protected."
request_66,22200.0,affordable_now,full_payment,2026-04-03:22200,2026-04-03,none,"Pay INR 22,200 today. This leaves at least INR 243,816.26 available over the next 90 days."
request_67,258.96,affordable_later,wait,2024-10-15:2094,2024-10-15,none,"Pay USD 2,094 in full on 2024-10-15. Paying earlier would take the balance below the USD 1,200 minimum."
request_68,977.43,not_affordable,not_recommended,none,,none,"Do not make this payment by 2025-04-16. None of the available options keeps the USD 1,500 minimum protected."
request_69,266.06,affordable_later,wait,2026-03-15:529.1,2026-03-15,none,Pay EUR 529.10 in full on 2026-03-15. Paying earlier would take the balance below the EUR 700 minimum.
request_70,36362.44,not_affordable,not_recommended,none,,none,"Do not make this payment by 2025-02-15. None of the available options keeps the INR 115,000 minimum protected."
request_71,0.0,not_affordable,not_recommended,none,,none,"Do not make this payment by 2025-05-28. None of the available options keeps the IDR 8,884,800 minimum protected."
request_72,6081.55,affordable_later,wait,2026-09-15:11330,2026-09-15,none,"Pay ZAR 11,330 in full on 2026-09-15. Paying earlier would take the balance below the ZAR 12,200 minimum."
request_73,50453.09,affordable_later,wait,2023-04-15:71400,2023-04-15,none,"Pay INR 71,400 in full on 2023-04-15. Paying earlier would take the balance below the INR 103,200 minimum."
request_74,5010.0,affordable_now,full_payment,2025-08-04:5010,2025-08-04,none,"Pay ZAR 5,010 today. This leaves at least ZAR 62,866.64 available over the next 90 days."
request_75,28270.0,affordable_later,wait,2026-04-06:28270,2026-04-06,none,"Pay ZAR 28,270 in full on 2026-04-06. Paying earlier would take the balance below the ZAR 39,000 minimum."
request_76,802.12,affordable_later,wait,2024-07-15:4455.6,2024-07-15,none,"Pay USD 4,455.60 in full on 2024-07-15. Paying earlier would take the balance below the USD 1,800 minimum."
request_77,60700.0,affordable_now,full_payment,2025-11-05:60700,2025-11-05,none,"Pay INR 60,700 today. This leaves at least INR 84,090.17 available over the next 90 days."
request_78,24477.58,affordable_later,wait,2025-12-15:50200,2025-12-15,none,"Pay INR 50,200 in full on 2025-12-15. Paying earlier would take the balance below the INR 55,200 minimum."
request_79,0.0,not_affordable,not_recommended,none,,none,"Do not make this payment by 2024-11-01. None of the available options keeps the EUR 1,000 minimum protected."
request_80,112725.8,affordable_later,wait,2025-03-15:217500,2025-03-15,none,"Pay INR 217,500 in full on 2025-03-15. Paying earlier would take the balance below the INR 121,300 minimum."
request_81,1459.87,affordable_later,wait,2026-09-15:2076,2026-09-15,none,"Pay USD 2,076 in full on 2026-09-15. Paying earlier would take the balance below the USD 1,600 minimum."
request_82,280.15,affordable_later,wait,2025-01-15:1405.2,2025-01-15,none,"Pay USD 1,405.20 in full on 2025-01-15. Paying earlier would take the balance below the USD 1,100 minimum."
request_83,2734.02,affordable_later,wait,2025-07-15:156200,2025-07-15,none,"Pay INR 156,200 in full on 2025-07-15. Paying earlier would take the balance below the INR 37,800 minimum."
request_84,5669.07,not_affordable,not_recommended,none,,none,"Do not make this payment by 2026-06-15. None of the available options keeps the INR 91,300 minimum protected."
request_85,0.0,not_affordable,not_recommended,none,,none,"Do not make this payment by 2024-04-26. None of the available options keeps the IDR 6,396,300 minimum protected."
request_86,20515.04,affordable_later,wait,2025-09-23:46300,2025-09-23,none,"Pay INR 46,300 in full on 2025-09-23. Paying earlier would take the balance below the INR 84,900 minimum."
request_87,3622.44,affordable_later,wait,2026-03-15:487900,2026-03-15,none,"Pay INR 487,900 in full on 2026-03-15. Paying earlier would take the balance below the INR 185,900 minimum."
request_88,9731.72,affordable_later,wait,2024-07-15:26092,2024-07-15,none,"Pay ZAR 26,092 in full on 2024-07-15. Paying earlier would take the balance below the ZAR 25,800 minimum."
request_89,6568410.76,affordable_later,wait,2025-12-15:13756000,2025-12-15,none,"Pay IDR 13,756,000 in full on 2025-12-15. Paying earlier would take the balance below the IDR 12,534,700 minimum."
request_90,2560.0,affordable_now,full_payment,2026-07-06:2560,2026-07-06,none,"Pay ZAR 2,560 today. This leaves at least ZAR 28,024.41 available over the next 90 days."
request_91,0.0,not_affordable,not_recommended,none,,none,"Do not make this payment by 2024-11-15. None of the available options keeps the EUR 2,100 minimum protected."
request_92,33493.62,affordable_later,wait,2025-02-15:34034,2025-02-15,none,"Pay ZAR 34,034 in full on 2025-02-15. Paying earlier would take the balance below the ZAR 28,100 minimum."
request_93,1692.53,affordable_with_plan,full_payment,2026-04-07:1729.2,2026-04-15,stop:event_8667,"Adjust flexible spending, then pay USD 1,729.20 today. This leaves at least USD 1,900 available."
request_94,572.0,affordable_now,full_payment,2024-12-04:572,2024-12-04,none,"Pay EUR 572 today. This leaves at least EUR 1,971.96 available over the next 90 days."
request_95,7426.55,not_affordable,not_recommended,none,,none,"Do not make this payment by 2025-07-14. None of the available options keeps the INR 145,500 minimum protected."
request_96,55951.69,affordable_later,wait,2026-02-15:90200,2026-02-15,none,"Pay INR 90,200 in full on 2026-02-15. Paying earlier would take the balance below the INR 56,500 minimum."
request_97,0.0,not_affordable,not_recommended,none,,none,"Do not make this payment by 2024-05-24. None of the available options keeps the ZAR 29,700 minimum protected."
request_98,1691.44,not_affordable,not_recommended,none,,none,"Do not make this payment by 2025-10-15. None of the available options keeps the ZAR 30,000 minimum protected."
request_99,18062.0,affordable_now,full_payment,2026-07-04:18062,2026-07-04,none,"Pay ZAR 18,062 today. This leaves at least ZAR 49,867.54 available over the next 90 days."
request_100,19925.75,affordable_later,wait,2024-07-15:37114,2024-07-15,none,"Pay ZAR 37,114 in full on 2024-07-15. Paying earlier would take the balance below the ZAR 32,500 minimum."
request_101,136405.72,affordable_later,wait,2025-11-15:143500,2025-11-15,none,"Pay INR 143,500 in full on 2025-11-15. Paying earlier would take the balance below the INR 187,400 minimum."
request_102,1716.0,affordable_later,wait,2026-04-05:1716,2026-04-05,none,"Pay EUR 1,716 in full on 2026-04-05. Paying earlier would take the balance below the EUR 900 minimum."
request_103,10134.32,not_affordable,not_recommended,none,,none,"Do not make this payment by 2024-10-07. None of the available options keeps the INR 125,500 minimum protected."
request_104,17204.0,affordable_now,full_payment,2025-02-04:17204,2025-02-04,none,"Pay ZAR 17,204 today. This leaves at least ZAR 27,572.23 available over the next 90 days."
request_105,10512.54,not_affordable,not_recommended,none,,none,"Do not make this payment by 2026-06-14. None of the available options keeps the INR 73,900 minimum protected."
request_106,302.55,affordable_later,wait,2024-12-15:2207.7,2024-12-15,none,"Pay EUR 2,207.70 in full on 2024-12-15. Paying earlier would take the balance below the EUR 1,200 minimum."
request_107,0.0,not_affordable,not_recommended,none,,none,"Do not make this payment by 2025-07-04. None of the available options keeps the EUR 1,600 minimum protected."
request_108,3749.0,affordable_later,wait,2026-08-24:55308,2026-08-24,none,"Pay ZAR 55,308 in full on 2026-08-24. Paying earlier would take the balance below the ZAR 24,100 minimum."
request_109,254.79,affordable_later,wait,2024-04-15:1863.4,2024-04-15,none,"Pay EUR 1,863.40 in full on 2024-04-15. Paying earlier would take the balance below the EUR 1,700 minimum."
request_110,22352.0,affordable_later,wait,2025-08-06:22352,2025-08-06,none,"Pay ZAR 22,352 in full on 2025-08-06. Paying earlier would take the balance below the ZAR 11,200 minimum."
request_111,16625000.0,affordable_now,full_payment,2026-04-03:16625000,2026-04-03,none,"Pay IDR 16,625,000 today. This leaves at least IDR 55,874,839.71 available over the next 90 days."
request_112,87.2,affordable_later,wait,2024-08-15:271.7,2024-08-15,none,Pay EUR 271.70 in full on 2024-08-15. Paying earlier would take the balance below the EUR 500 minimum.
request_113,0.0,not_affordable,not_recommended,none,,none,"Do not make this payment by 2026-10-19. None of the available options keeps the INR 82,300 minimum protected."
request_114,0.0,not_affordable,not_recommended,none,,none,"Do not make this payment by 2026-01-14. None of the available options keeps the INR 113,400 minimum protected."
request_115,16371.69,affordable_later,wait,2024-11-15:80500,2024-11-15,none,"Pay INR 80,500 in full on 2024-11-15. Paying earlier would take the balance below the INR 38,800 minimum."
request_116,0.0,not_affordable,not_recommended,none,,none,"Do not make this payment by 2025-04-16. None of the available options keeps the INR 80,300 minimum protected."
request_117,867.82,affordable_later,wait,2026-07-15:880,2026-07-15,none,"Pay EUR 880 in full on 2026-07-15. Paying earlier would take the balance below the EUR 1,000 minimum."
request_118,621.38,affordable_later,wait,2024-12-15:738.1,2024-12-15,none,Pay EUR 738.10 in full on 2024-12-15. Paying earlier would take the balance below the EUR 600 minimum.
request_119,62084.28,affordable_later,wait,2025-05-15:203500,2025-05-15,none,"Pay INR 203,500 in full on 2025-05-15. Paying earlier would take the balance below the INR 151,200 minimum."
request_120,7714000.0,affordable_now,full_payment,2026-04-06:7714000,2026-04-06,none,"Pay IDR 7,714,000 today. This leaves at least IDR 20,406,185.29 available over the next 90 days."
request_121,563.25,affordable_later,wait,2024-04-15:633.6,2024-04-15,none,Pay USD 633.60 in full on 2024-04-15. Paying earlier would take the balance below the USD 800 minimum.
request_122,20558000.0,affordable_later,wait,2025-08-05:20558000,2025-08-05,none,"Pay IDR 20,558,000 in full on 2025-08-05. Paying earlier would take the balance below the IDR 12,588,500 minimum."
request_123,4076000.0,affordable_now,full_payment,2026-01-07:4076000,2026-01-07,none,"Pay IDR 4,076,000 today. This leaves at least IDR 54,480,371.73 available over the next 90 days."
request_124,1294.57,affordable_later,wait,2024-07-15:3104.2,2024-07-15,none,"Pay EUR 3,104.20 in full on 2024-07-15. Paying earlier would take the balance below the EUR 1,600 minimum."
request_125,2003.4,affordable_later,wait,2026-01-15:6468,2026-01-15,none,"Pay ZAR 6,468 in full on 2026-01-15. Paying earlier would take the balance below the ZAR 11,300 minimum."
request_126,159600.0,affordable_now,full_payment,2026-07-03:159600,2026-07-03,none,"Pay INR 159,600 today. This leaves at least INR 174,554.98 available over the next 90 days."
request_127,9075.31,affordable_later,wait,2024-09-15:23980,2024-09-15,none,"Pay ZAR 23,980 in full on 2024-09-15. Paying earlier would take the balance below the ZAR 41,000 minimum."
request_128,24695.93,affordable_later,wait,2025-02-15:25168,2025-02-15,none,"Pay ZAR 25,168 in full on 2025-02-15. Paying earlier would take the balance below the ZAR 42,600 minimum."
request_129,0.02,not_affordable,not_recommended,none,,none,Do not make this payment by 2026-06-18. None of the available options keeps the USD 800 minimum protected.
request_130,6.31,not_affordable,not_recommended,none,,none,"Do not make this payment by 2025-02-15. None of the available options keeps the USD 1,400 minimum protected."
request_131,1017.11,affordable_later,wait,2025-07-23:1855.2,2025-07-23,none,"Pay USD 1,855.20 in full on 2025-07-23. Paying earlier would take the balance below the USD 1,100 minimum."
request_132,0.0,not_affordable,not_recommended,none,,none,"Do not make this payment by 2026-02-25. None of the available options keeps the USD 1,100 minimum protected."
request_133,15770000.0,affordable_later,wait,2024-03-07:15770000,2024-03-07,none,"Pay IDR 15,770,000 in full on 2024-03-07. Paying earlier would take the balance below the IDR 9,986,200 minimum."
request_134,4532213.46,affordable_later,wait,2025-09-15:21831000,2025-09-15,none,"Pay IDR 21,831,000 in full on 2025-09-15. Paying earlier would take the balance below the IDR 15,902,500 minimum."
request_135,285.11,affordable_later,wait,2026-09-15:304.8,2026-09-15,none,Pay USD 304.80 in full on 2026-09-15. Paying earlier would take the balance below the USD 500 minimum.
request_136,497.98,affordable_later,wait,2024-07-15:560.4,2024-07-15,none,"Pay USD 560.40 in full on 2024-07-15. Paying earlier would take the balance below the USD 1,100 minimum."
request_137,0.0,not_affordable,not_recommended,none,,none,"Do not make this payment by 2026-01-15. None of the available options keeps the INR 71,800 minimum protected."
request_138,444.72,affordable_with_plan,partial_payment,2026-04-07:444.72|2026-05-15:812.22,2026-05-15,none,"Pay EUR 444.72 today and the remaining EUR 812.22 on 2026-05-15. This completes the full request and keeps the EUR 2,300 minimum protected."
request_139,1120.93,affordable_later,wait,2024-10-15:2316,2024-10-15,none,"Pay USD 2,316 in full on 2024-10-15. Paying earlier would take the balance below the USD 1,500 minimum."
request_140,0.0,not_affordable,not_recommended,none,,none,"Do not make this payment by 2025-03-04. None of the available options keeps the ZAR 21,600 minimum protected."
request_141,5978.63,not_affordable,not_recommended,none,,none,"Do not make this payment by 2026-02-12. None of the available options keeps the INR 67,300 minimum protected."
request_142,1263.6,affordable_now,full_payment,2024-12-05:1263.6,2024-12-05,none,"Pay USD 1,263.60 today. This leaves at least USD 4,518.43 available over the next 90 days."
request_143,738.28,not_affordable,not_recommended,none,,none,"Do not make this payment by 2025-07-15. None of the available options keeps the ZAR 11,300 minimum protected."
request_144,0.0,not_affordable,not_recommended,none,,none,Do not make this payment by 2026-07-26. None of the available options keeps the USD 600 minimum protected.
request_145,0.0,not_affordable,not_recommended,none,,none,"Do not make this payment by 2024-05-26. None of the available options keeps the INR 155,400 minimum protected."
request_146,425.9,affordable_later,wait,2025-10-15:449400,2025-10-15,none,"Pay INR 449,400 in full on 2025-10-15. Paying earlier would take the balance below the INR 108,600 minimum."
request_147,362.67,affordable_later,wait,2026-04-15:1129.7,2026-04-15,none,"Pay EUR 1,129.70 in full on 2026-04-15. Paying earlier would take the balance below the EUR 900 minimum."
request_148,5435.92,not_affordable,not_recommended,none,,none,"Do not make this payment by 2024-08-18. None of the available options keeps the ZAR 20,000 minimum protected."
request_149,15252.1,affordable_later,wait,2025-12-15:36652,2025-12-15,none,"Pay ZAR 36,652 in full on 2025-12-15. Paying earlier would take the balance below the ZAR 42,100 minimum."
request_150,0.0,not_affordable,not_recommended,none,,none,Do not make this payment by 2026-03-16. None of the available options keeps the EUR 700 minimum protected.
request_151,26999000.0,affordable_now,full_payment,2024-09-03:26999000,2024-09-03,none,"Pay IDR 26,999,000 today. This leaves at least IDR 32,349,047.26 available over the next 90 days."
request_152,5230.4,not_affordable,not_recommended,none,,none,"Do not make this payment by 2025-04-13. None of the available options keeps the ZAR 11,900 minimum protected."
request_153,0.0,not_affordable,not_recommended,none,,none,"Do not make this payment by 2026-09-24. None of the available options keeps the USD 1,400 minimum protected."
request_154,1625.8,affordable_later,wait,2024-12-04:1625.8,2024-12-04,none,"Pay EUR 1,625.80 in full on 2024-12-04. Paying earlier would take the balance below the EUR 1,300 minimum."
request_155,112500.0,affordable_now,full_payment,2025-05-06:112500,2025-05-06,none,"Pay INR 112,500 today. This leaves at least INR 80,183.52 available over the next 90 days."
request_156,2726.26,not_affordable,not_recommended,none,,none,"Do not make this payment by 2026-06-15. None of the available options keeps the ZAR 26,900 minimum protected."
request_157,5023423.3,not_affordable,not_recommended,none,,none,"Do not make this payment by 2024-05-15. None of the available options keeps the IDR 15,714,100 minimum protected."
request_158,242600.0,affordable_later,wait,2025-08-07:242600,2025-08-07,none,"Pay INR 242,600 in full on 2025-08-07. Paying earlier would take the balance below the INR 131,400 minimum."
request_159,13398.0,affordable_now,full_payment,2026-01-04:13398,2026-01-04,none,"Pay ZAR 13,398 today. This leaves at least ZAR 15,217.47 available over the next 90 days."
request_160,560.31,affordable_later,wait,2024-06-15:1246.3,2024-06-15,none,"Pay EUR 1,246.30 in full on 2024-06-15. Paying earlier would take the balance below the EUR 1,200 minimum."
request_161,0.0,not_affordable,not_recommended,none,,none,"Do not make this payment by 2026-01-15. None of the available options keeps the IDR 23,010,400 minimum protected."
request_162,375763.85,not_affordable,not_recommended,none,,none,"Do not make this payment by 2026-08-26. None of the available options keeps the IDR 24,161,100 minimum protected."
request_163,8890407.92,affordable_later,wait,2024-09-15:19304000,2024-09-15,none,"Pay IDR 19,304,000 in full on 2024-09-15. Paying earlier would take the balance below the IDR 26,728,700 minimum."
request_164,26039006.67,affordable_later,wait,2025-02-15:27018000,2025-02-15,none,"Pay IDR 27,018,000 in full on 2025-02-15. Paying earlier would take the balance below the IDR 29,550,500 minimum."
request_165,80600.0,affordable_now,full_payment,2026-04-06:80600,2026-04-06,none,"Pay INR 80,600 today. This leaves at least INR 271,899.54 available over the next 90 days."
request_166,2907.6,affordable_later,wait,2024-12-03:2907.6,2024-12-03,none,"Pay USD 2,907.60 in full on 2024-12-03. Paying earlier would take the balance below the USD 1,700 minimum."
request_167,43802.0,affordable_now,full_payment,2025-05-05:43802,2025-05-05,none,"Pay ZAR 43,802 today. This leaves at least ZAR 34,985.62 available over the next 90 days."
request_168,0.0,not_affordable,not_recommended,none,,none,"Do not make this payment by 2026-03-16. None of the available options keeps the INR 114,400 minimum protected."
request_169,41976.0,affordable_now,full_payment,2024-03-04:41976,2024-03-04,none,"Pay ZAR 41,976 today. This leaves at least ZAR 23,851.72 available over the next 90 days."
request_170,19496356.16,not_affordable,not_recommended,none,,none,"Do not make this payment by 2025-10-04. None of the available options keeps the IDR 24,715,800 minimum protected."
request_171,0.0,not_affordable,not_recommended,none,,none,Do not make this payment by 2026-09-10. None of the available options keeps the EUR 500 minimum protected.
request_172,2754.4,affordable_later,wait,2024-08-15:10200,2024-08-15,none,"Pay ZAR 10,200 in full on 2024-08-15. Paying earlier would take the balance below the ZAR 27,200 minimum."
request_173,10164.85,not_affordable,not_recommended,none,,none,"Do not make this payment by 2026-01-17. None of the available options keeps the INR 79,100 minimum protected."
request_174,1146.2,affordable_later,wait,2026-04-04:1146.2,2026-04-04,none,"Pay EUR 1,146.20 in full on 2026-04-04. Paying earlier would take the balance below the EUR 700 minimum."
request_175,2346.3,affordable_now,full_payment,2024-09-06:2346.3,2024-09-06,none,"Pay EUR 2,346.30 today. This leaves at least EUR 1,802.22 available over the next 90 days."
request_176,269.36,affordable_later,wait,2025-03-15:1239.7,2025-03-15,none,"Pay EUR 1,239.70 in full on 2025-03-15. Paying earlier would take the balance below the EUR 600 minimum."
request_177,0.0,not_affordable,not_recommended,none,,none,"Do not make this payment by 2026-01-25. None of the available options keeps the USD 1,300 minimum protected."
request_178,2938.1,affordable_later,wait,2024-12-07:2938.1,2024-12-07,none,"Pay EUR 2,938.10 in full on 2024-12-07. Paying earlier would take the balance below the EUR 1,400 minimum."
request_179,5947254.59,not_affordable,not_recommended,none,,none,"Do not make this payment by 2025-07-15. None of the available options keeps the IDR 41,430,800 minimum protected."
request_180,59755.99,affordable_later,wait,2026-09-15:66500,2026-09-15,none,"Pay INR 66,500 in full on 2026-09-15. Paying earlier would take the balance below the INR 37,300 minimum."
request_181,0.0,not_affordable,not_recommended,none,,none,"Do not make this payment by 2024-04-07. None of the available options keeps the USD 2,000 minimum protected."
request_182,65714.0,affordable_now,full_payment,2025-08-05:65714,2025-08-05,none,"Pay ZAR 65,714 today. This leaves at least ZAR 44,479.88 available over the next 90 days."
request_183,12464305.57,not_affordable,not_recommended,none,,none,"Do not make this payment by 2026-06-18. None of the available options keeps the IDR 11,878,300 minimum protected."
request_184,0.0,not_affordable,not_recommended,none,,none,"Do not make this payment by 2024-07-30. None of the available options keeps the INR 110,800 minimum protected."
request_185,0.0,not_affordable,not_recommended,none,,none,"Do not make this payment by 2026-01-15. None of the available options keeps the EUR 1,300 minimum protected."
request_186,0.0,not_affordable,not_recommended,none,,none,"Do not make this payment by 2026-03-15. None of the available options keeps the ZAR 22,000 minimum protected."
request_187,29630.79,affordable_later,wait,2024-09-15:187500,2024-09-15,none,"Pay INR 187,500 in full on 2024-09-15. Paying earlier would take the balance below the INR 128,300 minimum."
request_188,0.0,not_affordable,not_recommended,none,,none,Do not make this payment by 2025-03-04. None of the available options keeps the EUR 900 minimum protected.
request_189,488.4,affordable_now,full_payment,2026-07-04:488.4,2026-07-04,none,Pay EUR 488.40 today. This leaves at least EUR 505.80 available over the next 90 days.
request_190,444.04,affordable_later,wait,2025-01-15:2557.5,2025-01-15,none,"Pay EUR 2,557.50 in full on 2025-01-15. Paying earlier would take the balance below the EUR 1,600 minimum."
request_191,664.4,affordable_now,full_payment,2025-05-03:664.4,2025-05-03,none,Pay EUR 664.40 today. This leaves at least EUR 595.70 available over the next 90 days.
request_192,0.0,not_affordable,not_recommended,none,,none,"Do not make this payment by 2026-05-11. None of the available options keeps the USD 1,000 minimum protected."
request_193,0.0,not_affordable,not_recommended,none,,none,"Do not make this payment by 2024-05-28. None of the available options keeps the EUR 1,000 minimum protected."
request_194,715.05,not_affordable,not_recommended,none,,none,"Do not make this payment by 2025-10-23. None of the available options keeps the INR 113,600 minimum protected."
request_195,0.0,not_affordable,not_recommended,none,,none,Do not make this payment by 2026-03-11. None of the available options keeps the EUR 700 minimum protected.
request_196,762.3,affordable_now,full_payment,2024-06-03:762.3,2024-06-03,none,Pay EUR 762.30 today. This leaves at least EUR 587.34 available over the next 90 days.
request_197,0.0,not_affordable,not_recommended,none,,none,"Do not make this payment by 2026-01-21. None of the available options keeps the IDR 26,245,900 minimum protected."
request_198,185800.0,affordable_now,full_payment,2026-07-07:185800,2026-07-07,none,"Pay INR 185,800 today. This leaves at least INR 156,124.02 available over the next 90 days."
request_199,23674000.0,affordable_later,wait,2024-09-04:23674000,2024-09-04,none,"Pay IDR 23,674,000 in full on 2024-09-04. Paying earlier would take the balance below the IDR 25,359,500 minimum."
request_200,21717000.0,affordable_now,full_payment,2025-02-06:21717000,2025-02-06,none,"Pay IDR 21,717,000 today. This leaves at least IDR 23,911,305.70 available over the next 90 days."
request_201,23997000.0,affordable_now,full_payment,2026-04-03:23997000,2026-04-03,none,"Pay IDR 23,997,000 today. This leaves at least IDR 50,255,728.96 available over the next 90 days."
request_202,123900.0,affordable_now,full_payment,2024-12-05:123900,2024-12-05,none,"Pay INR 123,900 today. This leaves at least INR 161,657.85 available over the next 90 days."
request_203,1442.1,affordable_later,wait,2025-05-07:1442.1,2025-05-07,none,"Pay EUR 1,442.10 in full on 2025-05-07. Paying earlier would take the balance below the EUR 1,400 minimum."
request_204,103.61,affordable_later,wait,2026-03-15:588.74,2026-03-15,none,"Pay EUR 588.74 in full on 2026-03-15. Paying earlier would take the balance below the EUR 1,300 minimum."
request_205,7532746.45,affordable_later,wait,2024-04-15:10621000,2024-04-15,none,"Pay IDR 10,621,000 in full on 2024-04-15. Paying earlier would take the balance below the IDR 13,994,300 minimum."
request_206,1404.7,affordable_later,wait,2025-08-03:1404.7,2025-08-03,none,"Pay EUR 1,404.70 in full on 2025-08-03. Paying earlier would take the balance below the EUR 900 minimum."
request_207,3387.77,affordable_later,wait,2026-08-15:11830,2026-08-15,none,"Pay ZAR 11,830 in full on 2026-08-15. Paying earlier would take the balance below the ZAR 13,600 minimum."
request_208,2898156.58,affordable_later,wait,2024-08-15:4413000,2024-08-15,none,"Pay IDR 4,413,000 in full on 2024-08-15. Paying earlier would take the balance below the IDR 10,470,700 minimum."
request_209,1484.9,affordable_later,wait,2026-01-15:56914,2026-01-15,none,"Pay ZAR 56,914 in full on 2026-01-15. Paying earlier would take the balance below the ZAR 18,400 minimum."
request_210,707.13,affordable_with_plan,partial_payment,2026-04-06:707.13|2026-04-15:652.89,2026-04-15,none,"Pay USD 707.13 today and the remaining USD 652.89 on 2026-04-15. This completes the full request and keeps the USD 2,000 minimum protected."
request_211,350.47,affordable_later,wait,2024-10-15:1788.6,2024-10-15,none,"Pay EUR 1,788.60 in full on 2024-10-15. Paying earlier would take the balance below the EUR 1,500 minimum."
request_212,0.0,not_affordable,not_recommended,none,,none,"Do not make this payment by 2025-02-28. None of the available options keeps the IDR 29,579,800 minimum protected."
request_213,3362.4,affordable_later,wait,2026-01-07:3362.4,2026-01-07,none,"Pay USD 3,362.40 in full on 2026-01-07. Paying earlier would take the balance below the USD 2,100 minimum."
request_214,0.0,not_affordable,not_recommended,none,,none,"Do not make this payment by 2025-01-28. None of the available options keeps the INR 174,900 minimum protected."
request_215,29986.0,affordable_later,wait,2025-05-06:29986,2025-05-06,none,"Pay ZAR 29,986 in full on 2025-05-06. Paying earlier would take the balance below the ZAR 15,700 minimum."
request_216,140.18,not_affordable,not_recommended,none,,none,"Do not make this payment by 2026-09-15. None of the available options keeps the USD 1,800 minimum protected."
request_217,19635.83,affordable_later,wait,2024-04-15:37180,2024-04-15,none,"Pay ZAR 37,180 in full on 2024-04-15. Paying earlier would take the balance below the ZAR 26,800 minimum."
request_218,27552989.5,affordable_later,wait,2025-09-15:61142000,2025-09-15,none,"Pay IDR 61,142,000 in full on 2025-09-15. Paying earlier would take the balance below the IDR 34,477,200 minimum."
request_219,531.55,affordable_later,wait,2026-04-15:1673.1,2026-04-15,none,"Pay EUR 1,673.10 in full on 2026-04-15. Paying earlier would take the balance below the EUR 1,100 minimum."
request_220,0.0,not_affordable,not_recommended,none,,none,"Do not make this payment by 2024-07-03. None of the available options keeps the EUR 1,100 minimum protected."
request_221,109800.0,affordable_now,full_payment,2025-11-03:109800,2025-11-03,none,"Pay INR 109,800 today. This leaves at least INR 103,566.49 available over the next 90 days."
request_222,34078.0,affordable_now,full_payment,2026-01-05:34078,2026-01-05,none,"Pay ZAR 34,078 today. This leaves at least ZAR 80,134.35 available over the next 90 days."
request_223,898.7,affordable_now,full_payment,2024-09-07:898.7,2024-09-07,none,Pay EUR 898.70 today. This leaves at least EUR 902.29 available over the next 90 days.
request_224,0.0,not_affordable,not_recommended,none,,none,"Do not make this payment by 2025-03-16. None of the available options keeps the IDR 22,187,600 minimum protected."
request_225,6082779.71,not_affordable,not_recommended,none,,none,"Do not make this payment by 2026-09-21. None of the available options keeps the IDR 17,670,700 minimum protected."
request_226,157000.0,affordable_now,full_payment,2024-12-03:157000,2024-12-03,none,"Pay INR 157,000 today. This leaves at least INR 246,942.36 available over the next 90 days."
request_227,4568.77,not_affordable,not_recommended,none,,none,"Do not make this payment by 2025-06-20. None of the available options keeps the INR 62,900 minimum protected."
request_228,0.0,not_affordable,not_recommended,none,,none,"Do not make this payment by 2026-04-30. None of the available options keeps the IDR 26,191,200 minimum protected."
request_229,163.16,not_affordable,not_recommended,none,,none,"Do not make this payment by 2024-05-23. None of the available options keeps the EUR 1,000 minimum protected."
request_230,3537.6,affordable_now,full_payment,2025-08-06:3537.6,2025-08-06,none,"Pay EUR 3,537.60 today. This leaves at least EUR 3,733.92 available over the next 90 days."
request_231,26066.49,affordable_later,wait,2026-02-15:35706,2026-02-15,none,"Pay ZAR 35,706 in full on 2026-02-15. Paying earlier would take the balance below the ZAR 24,300 minimum."
request_232,0.0,not_affordable,not_recommended,none,,none,"Do not make this payment by 2024-08-15. None of the available options keeps the EUR 2,400 minimum protected."
request_233,0.0,not_affordable,not_recommended,none,,none,"Do not make this payment by 2025-12-17. None of the available options keeps the IDR 10,365,700 minimum protected."
request_234,177.0,not_affordable,not_recommended,none,,none,Do not make this payment by 2026-09-15. None of the available options keeps the EUR 700 minimum protected.
request_235,653.02,not_affordable,not_recommended,none,,none,Do not make this payment by 2024-10-25. None of the available options keeps the USD 700 minimum protected.
request_236,5360317.66,not_affordable,not_recommended,none,,none,"Do not make this payment by 2025-02-23. None of the available options keeps the IDR 16,768,600 minimum protected."
request_237,23826000.0,affordable_now,full_payment,2026-04-05:23826000,2026-04-05,none,"Pay IDR 23,826,000 today. This leaves at least IDR 69,383,660.69 available over the next 90 days."
request_238,663.6,affordable_later,wait,2024-12-07:663.6,2024-12-07,none,Pay USD 663.60 in full on 2024-12-07. Paying earlier would take the balance below the USD 700 minimum.
request_239,581.55,affordable_later,wait,2025-06-15:642,2025-06-15,none,Pay USD 642 in full on 2025-06-15. Paying earlier would take the balance below the USD 600 minimum.
request_240,458.9,not_affordable,not_recommended,none,,none,"Do not make this payment by 2026-03-20. None of the available options keeps the INR 52,800 minimum protected."
request_241,21052000.0,affordable_later,wait,2024-03-03:21052000,2024-03-03,none,"Pay IDR 21,052,000 in full on 2024-03-03. Paying earlier would take the balance below the IDR 19,252,000 minimum."
request_242,0.0,not_affordable,not_recommended,none,,none,Do not make this payment by 2025-08-25. None of the available options keeps the EUR 600 minimum protected.
request_243,17468.0,affordable_now,full_payment,2026-07-07:17468,2026-07-07,none,"Pay ZAR 17,468 today. This leaves at least ZAR 24,599.21 available over the next 90 days."
request_244,47937.32,affordable_later,wait,2024-07-15:49918,2024-07-15,none,"Pay ZAR 49,918 in full on 2024-07-15. Paying earlier would take the balance below the ZAR 45,900 minimum."
request_245,26550.56,not_affordable,not_recommended,none,,none,"Do not make this payment by 2026-01-15. None of the available options keeps the INR 94,600 minimum protected."
request_246,64086.0,affordable_later,wait,2026-04-03:64086,2026-04-03,none,"Pay ZAR 64,086 in full on 2026-04-03. Paying earlier would take the balance below the ZAR 39,300 minimum."
request_247,1059.3,affordable_now,full_payment,2024-09-05:1059.3,2024-09-05,none,"Pay EUR 1,059.30 today. This leaves at least EUR 1,471.94 available over the next 90 days."
request_248,959.78,affordable_with_plan,partial_payment,2025-02-07:959.78|2025-04-15:1005.82,2025-04-15,none,"Pay USD 959.78 today and the remaining USD 1,005.82 on 2025-04-15. This completes the full request and keeps the USD 1,300 minimum protected."
request_249,0.0,not_affordable,not_recommended,none,,none,Do not make this payment by 2026-03-15. None of the available options keeps the USD 600 minimum protected.
request_250,15777.62,affordable_with_plan,partial_payment,2024-12-06:15777.62|2025-01-15:108500.38,2025-01-15,none,"Pay ZAR 15,777.62 today and the remaining ZAR 108,500.38 on 2025-01-15. This completes the full request and keeps the ZAR 35,300 minimum protected."
request_251,1513.6,affordable_later,wait,2025-05-03:1513.6,2025-05-03,none,"Pay EUR 1,513.60 in full on 2025-05-03. Paying earlier would take the balance below the EUR 1,300 minimum."
request_252,4018147.41,affordable_later,wait,2026-09-15:28082000,2026-09-15,none,"Pay IDR 28,082,000 in full on 2026-09-15. Paying earlier would take the balance below the IDR 15,152,200 minimum."
request_253,117.48,not_affordable,not_recommended,none,,none,"Do not make this payment by 2024-06-01. None of the available options keeps the EUR 2,300 minimum protected."
request_254,490.54,affordable_later,wait,2025-10-15:3535.2,2025-10-15,none,"Pay USD 3,535.20 in full on 2025-10-15. Paying earlier would take the balance below the USD 2,500 minimum."
request_255,3345000.0,affordable_now,full_payment,2026-04-06:3345000,2026-04-06,none,"Pay IDR 3,345,000 today. This leaves at least IDR 30,306,951.78 available over the next 90 days."
request_256,136577.17,affordable_later,wait,2024-08-15:218700,2024-08-15,none,"Pay INR 218,700 in full on 2024-08-15. Paying earlier would take the balance below the INR 168,600 minimum."
request_257,28.96,affordable_later,wait,2025-12-15:1352.4,2025-12-15,none,"Pay USD 1,352.40 in full on 2025-12-15. Paying earlier would take the balance below the USD 1,600 minimum."
request_258,1113.6,affordable_now,full_payment,2026-01-07:1113.6,2026-01-07,none,"Pay USD 1,113.60 today. This leaves at least USD 1,050.87 available over the next 90 days."
request_259,110.47,not_affordable,not_recommended,none,,none,Do not make this payment by 2024-11-15. None of the available options keeps the EUR 600 minimum protected.
request_260,0.0,not_affordable,not_recommended,none,,none,"Do not make this payment by 2025-04-18. None of the available options keeps the IDR 20,727,700 minimum protected."
request_261,1830.4,affordable_now,full_payment,2026-07-03:1830.4,2026-07-03,none,"Pay EUR 1,830.40 today. This leaves at least EUR 1,827.11 available over the next 90 days."
request_262,9236000.0,affordable_now,full_payment,2024-12-05:9236000,2024-12-05,none,"Pay IDR 9,236,000 today. This leaves at least IDR 51,530,958.64 available over the next 90 days."
request_263,1937.83,not_affordable,not_recommended,none,,none,"Do not make this payment by 2025-06-15. None of the available options keeps the ZAR 24,100 minimum protected."
request_264,9900.24,affordable_later,wait,2026-06-15:111300,2026-06-15,none,"Pay INR 111,300 in full on 2026-06-15. Paying earlier would take the balance below the INR 59,500 minimum."
request_265,45970.0,affordable_now,full_payment,2024-03-06:45970,2024-03-06,none,"Pay INR 45,970 today. This leaves at least INR 687,322.27 available over the next 90 days."
request_266,677.4,affordable_later,wait,2025-10-15:935,2025-10-15,none,Pay EUR 935 in full on 2025-10-15. Paying earlier would take the balance below the EUR 900 minimum.
request_267,1120.13,not_affordable,not_recommended,none,,none,"Do not make this payment by 2026-03-17. None of the available options keeps the EUR 1,500 minimum protected."
request_268,989.62,affordable_later,wait,2024-08-15:2426.6,2024-08-15,none,"Pay EUR 2,426.60 in full on 2024-08-15. Paying earlier would take the balance below the EUR 1,400 minimum."
request_269,0.0,not_affordable,not_recommended,none,,none,"Do not make this payment by 2026-01-02. None of the available options keeps the ZAR 23,100 minimum protected."
request_270,146.91,affordable_later,wait,2026-08-15:3028.8,2026-08-15,none,"Pay USD 3,028.80 in full on 2026-08-15. Paying earlier would take the balance below the USD 1,400 minimum."
request_271,7092.97,affordable_later,wait,2024-11-15:91300,2024-11-15,none,"Pay INR 91,300 in full on 2024-11-15. Paying earlier would take the balance below the INR 58,200 minimum."
request_272,5040400.9,affordable_later,wait,2025-03-15:13585000,2025-03-15,none,"Pay IDR 13,585,000 in full on 2025-03-15. Paying earlier would take the balance below the IDR 7,508,600 minimum."
request_273,6927993.66,affordable_with_plan,partial_payment,2026-04-07:6927993.66|2026-05-15:8933006.34,2026-05-15,none,"Pay IDR 6,927,993.66 today and the remaining IDR 8,933,006.34 on 2026-05-15. This completes the full request and keeps the IDR 18,774,600 minimum protected."
request_274,1515.62,not_affordable,not_recommended,none,,none,"Do not make this payment by 2025-02-11. None of the available options keeps the EUR 1,800 minimum protected."
request_275,15884000.0,affordable_now,full_payment,2025-05-06:15884000,2025-05-06,none,"Pay IDR 15,884,000 today. This leaves at least IDR 14,948,809.93 available over the next 90 days."
